{
"lengthUnit": "mil",
"components": {
	"fields": ["COMPONENT_NO", "COMPONENT_NAME", "LAYER", "X_COORDINATE", "Y_COORDINATE", "ANGLE"],
	"rows": [
		[1, "BUZZER1", "T", 4640, 2705, 90],
		[2, "C1", "T", 2220, 3510, 90],
		[3, "C1N1", "T", 2625, 3510, 270],
		[4, "C2", "T", 2475, 2920, 0],
		[5, "C3", "T", 1975, 3295, 270],
		[6, "C4", "T", 2135, 3510, 270],
		[7, "D1", "T", 3007.51, 2291.07, 180],
		[8, "MARK1", "T", 1357.72, 3976.27, 0],
		[9, "MARK2", "T", 4846.48, 2361.41, 0],
		[10, "MARK3", "T", 1337.42, 2227.36, 0],
		[11, "R1", "T", 1805, 2855, 0],
		[12, "R2", "T", 4315, 2880, 270],
		[13, "R3", "T", 1175, 3175, 90],
		[14, "R4", "T", 4075, 3665, 270],
		[15, "R5", "T", 1430, 2600, 0],
		[16, "R6", "T", 1450, 2795, 180],
		[17, "R7", "T", 3640, 3390, 90],
		[18, "R8", "T", 2140, 2540, 90],
		[19, "R9", "T", 2515, 3315, 180],
		[20, "R10", "T", 2235, 3140, 0],
		[21, "SCREW1", "T", 4745.26, 2240.31, 90],
		[22, "SCREW2", "T", 4740.8, 3940.31, 270],
		[23, "SCREW3", "T", 1195.8, 2220.37, 180],
		[24, "SCREW4", "T", 1205, 3960, 0],
		[25, "TP2", "B", 2640, 2480, 180],
		[26, "TP3", "B", 2537.24, 3177.44, 180],
		[27, "TP4", "B", 1582.87, 2921.18, 180],
		[28, "U1", "T", 1720, 3710, 0],
		[29, "U2", "T", 4365, 3505, 0],
		[30, "U3", "T", 3170, 3890, 270],
		[31, "U4", "T", 4715, 3150, 270],
		[32, "U5", "T", 4310, 3905, 0],
		[33, "U6", "T", 4255, 2280, 0],
		[34, "U7", "T", 3770, 2485, 90],
		[35, "U8", "T", 2824.08, 2582.9, 270],
		[36, "U9", "T", 3370, 2865, 270],
		[37, "U10", "T", 3040, 3450, 270],
		[38, "U11", "T", 1690, 3410, 270],
		[39, "USB1", "T", 2560, 3775, 180],
		[40, "TPJLC2", "B", 1170, 3555, 0]
	]
},
"pins": {
	"fields": ["PIN_NO", "PIN_NAME", "PIN_X", "PIN_Y", "LAYER", "PIN_TYPE", "NET_NAME", "NET_TYPE", "PAD_SHAPE", "PAD_SIZEX", "PAD_SIZEY", "HOLE_SIZE", "PAD_ANGLE"],
	"rows": [
		[1, "BUZZER1_1", 4640, 2626.26, "T", "DIP", "$1N3294", "", "C", 70.87, 70.87, 39.37, 90],
		[2, "BUZZER1_1", 4640, 2626.26, "B", "DIP", "$1N3294", "", "C", 70.87, 70.87, 39.37, 90],
		[3, "BUZZER1_2", 4640, 2783.74, "T", "DIP", "VCC5V", "", "C", 70.87, 70.87, 39.37, 90],
		[4, "BUZZER1_2", 4640, 2783.74, "B", "DIP", "VCC5V", "", "C", 70.87, 70.87, 39.37, 90],
		[5, "C1_1", 2220, 3482.44, "T", "SMD", "VCC5V", "", "R", 31.5, 35.43, 0, 90],
		[6, "C1_2", 2220, 3537.56, "T", "SMD", "GND", "GND", "R", 31.5, 35.43, 0, 90],
		[7, "C1N1_1", 2625, 3537.56, "T", "SMD", "VCC5V", "", "R", 31.5, 35.43, 0, 270],
		[8, "C1N1_2", 2625, 3482.44, "T", "SMD", "GND", "GND", "R", 31.5, 35.43, 0, 270],
		[9, "C2_1", 2447.44, 2920, "T", "SMD", "GND", "GND", "R", 31.5, 35.43, 0, 0],
		[10, "C2_2", 2502.56, 2920, "T", "SMD", "$1N3653", "", "R", 31.5, 35.43, 0, 0],
		[11, "C3_1", 1975, 3322.56, "T", "SMD", "VCC5V", "", "R", 31.5, 35.43, 0, 270],
		[12, "C3_2", 1975, 3267.44, "T", "SMD", "GND", "GND", "R", 31.5, 35.43, 0, 270],
		[13, "C4_1", 2135, 3537.56, "T", "SMD", "GND", "GND", "R", 31.5, 35.43, 0, 270],
		[14, "C4_2", 2135, 3482.44, "T", "SMD", "VCC5V", "", "R", 31.5, 35.43, 0, 270],
		[15, "D1_1", 3093.83, 2291.07, "T", "SMD", "VON", "", "R", 70.87, 66.93, 0, 180],
		[16, "D1_2", 2921.19, 2291.07, "T", "SMD", "$1N4632", "", "R", 70.87, 66.93, 0, 180],
		[17, "MARK1_1", 1357.72, 3976.27, "T", "SMD", "MARK1_1", "", "C", 39.37, 39.37, 0, 0],
		[18, "MARK2_1", 4846.48, 2361.41, "T", "SMD", "MARK2_1", "", "C", 39.37, 39.37, 0, 0],
		[19, "MARK3_1", 1337.42, 2227.36, "T", "SMD", "MARK3_1", "", "C", 39.37, 39.37, 0, 0],
		[20, "R1_1", 1775.34, 2855, "T", "SMD", "VIN", "", "R", 31.75, 34.02, 0, 0],
		[21, "R1_2", 1834.66, 2855, "T", "SMD", "GND", "GND", "R", 31.75, 34.02, 0, 0],
		[22, "R2_1", 4315, 2919.37, "T", "SMD", "$1N1768", "", "R", 44.59, 54.21, 0, 270],
		[23, "R2_2", 4315, 2840.63, "T", "SMD", "VCC5V", "", "R", 44.59, 54.21, 0, 270],
		[24, "R3_1", 1175, 3145.34, "T", "SMD", "VCC5V", "", "R", 31.75, 34.02, 0, 90],
		[25, "R3_2", 1175, 3204.66, "T", "SMD", "VIN", "", "R", 31.75, 34.02, 0, 90],
		[26, "R4_1", 4075, 3704.37, "T", "SMD", "VON", "", "R", 44.59, 54.21, 0, 270],
		[27, "R4_2", 4075, 3625.63, "T", "SMD", "$1N1559", "", "R", 44.59, 54.21, 0, 270],
		[28, "R5_1", 1400.34, 2600, "T", "SMD", "VCC5V", "", "R", 31.75, 34.02, 0, 0],
		[29, "R5_2", 1459.66, 2600, "T", "SMD", "$1N1930", "", "R", 31.75, 34.02, 0, 0],
		[30, "R6_1", 1479.66, 2795, "T", "SMD", "GND", "GND", "R", 31.75, 34.02, 0, 180],
		[31, "R6_2", 1420.34, 2795, "T", "SMD", "$1N1930", "", "R", 31.75, 34.02, 0, 180],
		[32, "R7_1", 3640, 3360.34, "T", "SMD", "VO1", "", "R", 31.75, 34.02, 0, 90],
		[33, "R7_2", 3640, 3419.66, "T", "SMD", "$1N3653", "", "R", 31.75, 34.02, 0, 90],
		[34, "R8_1", 2140, 2510.34, "T", "SMD", "VCC5V", "", "R", 31.75, 34.02, 0, 90],
		[35, "R8_2", 2140, 2569.66, "T", "SMD", "$1N3786", "", "R", 31.75, 34.02, 0, 90],
		[36, "R9_1", 2544.66, 3315, "T", "SMD", "$1N3786", "", "R", 31.75, 34.02, 0, 180],
		[37, "R9_2", 2485.34, 3315, "T", "SMD", "VO1", "", "R", 31.75, 34.02, 0, 180],
		[38, "R10_1", 2205.34, 3140, "T", "SMD", "GND", "GND", "R", 31.75, 34.02, 0, 0],
		[39, "R10_2", 2264.66, 3140, "T", "SMD", "$1N3786", "", "R", 31.75, 34.02, 0, 0],
		[40, "SCREW1_1", 4742.76, 2237.81, "T", "DIP", "SCREW1_1", "", "C", 126, 126, 126, 90],
		[41, "SCREW1_1", 4742.76, 2237.81, "B", "DIP", "SCREW1_1", "", "C", 126, 126, 126, 90],
		[42, "SCREW2_1", 4743.3, 3942.81, "T", "DIP", "SCREW2_1", "", "C", 126, 126, 126, 270],
		[43, "SCREW2_1", 4743.3, 3942.81, "B", "DIP", "SCREW2_1", "", "C", 126, 126, 126, 270],
		[44, "SCREW3_1", 1198.3, 2217.87, "T", "DIP", "SCREW3_1", "", "C", 126, 126, 126, 180],
		[45, "SCREW3_1", 1198.3, 2217.87, "B", "DIP", "SCREW3_1", "", "C", 126, 126, 126, 180],
		[46, "SCREW4_1", 1202.5, 3962.5, "T", "DIP", "SCREW4_1", "", "C", 126, 126, 126, 0],
		[47, "SCREW4_1", 1202.5, 3962.5, "B", "DIP", "SCREW4_1", "", "C", 126, 126, 126, 0],
		[48, "TP2_1", 2640, 2480, "B", "SMD", "$1N2911", "", "C", 19.68, 19.68, 0, 180],
		[49, "TP3_1", 2537.24, 3177.44, "B", "SMD", "VO1", "", "C", 19.68, 19.68, 0, 180],
		[50, "TP4_1", 1582.87, 2921.18, "B", "SMD", "VIN", "", "C", 19.68, 19.68, 0, 180],
		[51, "U1_1", 1270, 3660, "T", "DIP", "VCC5V", "", "R", 70.87, 70.87, 43.31, 0],
		[52, "U1_1", 1270, 3660, "B", "DIP", "VCC5V", "", "R", 70.87, 70.87, 43.31, 0],
		[53, "U1_2", 1270, 3760, "T", "DIP", "U1_2", "", "C", 70.87, 70.87, 43.31, 0],
		[54, "U1_2", 1270, 3760, "B", "DIP", "U1_2", "", "C", 70.87, 70.87, 43.31, 0],
		[55, "U1_3", 1370, 3660, "T", "DIP", "VON", "", "C", 70.87, 70.87, 43.31, 0],
		[56, "U1_3", 1370, 3660, "B", "DIP", "VON", "", "C", 70.87, 70.87, 43.31, 0],
		[57, "U1_4", 1370, 3760, "T", "DIP", "U1_4", "", "C", 70.87, 70.87, 43.31, 0],
		[58, "U1_4", 1370, 3760, "B", "DIP", "U1_4", "", "C", 70.87, 70.87, 43.31, 0],
		[59, "U1_5", 1470, 3660, "T", "DIP", "U1_5", "", "C", 70.87, 70.87, 43.31, 0],
		[60, "U1_5", 1470, 3660, "B", "DIP", "U1_5", "", "C", 70.87, 70.87, 43.31, 0],
		[61, "U1_6", 1470, 3760, "T", "DIP", "U1_6", "", "C", 70.87, 70.87, 43.31, 0],
		[62, "U1_6", 1470, 3760, "B", "DIP", "U1_6", "", "C", 70.87, 70.87, 43.31, 0],
		[63, "U1_7", 1570, 3660, "T", "DIP", "U1_7", "", "C", 70.87, 70.87, 43.31, 0],
		[64, "U1_7", 1570, 3660, "B", "DIP", "U1_7", "", "C", 70.87, 70.87, 43.31, 0],
		[65, "U1_8", 1570, 3760, "T", "DIP", "U1_8", "", "C", 70.87, 70.87, 43.31, 0],
		[66, "U1_8", 1570, 3760, "B", "DIP", "U1_8", "", "C", 70.87, 70.87, 43.31, 0],
		[67, "U1_9", 1670, 3660, "T", "DIP", "U1_9", "", "C", 70.87, 70.87, 43.31, 0],
		[68, "U1_9", 1670, 3660, "B", "DIP", "U1_9", "", "C", 70.87, 70.87, 43.31, 0],
		[69, "U1_10", 1670, 3760, "T", "DIP", "VIN", "", "C", 70.87, 70.87, 43.31, 0],
		[70, "U1_10", 1670, 3760, "B", "DIP", "VIN", "", "C", 70.87, 70.87, 43.31, 0],
		[71, "U1_11", 1770, 3660, "T", "DIP", "U1_11", "", "C", 70.87, 70.87, 43.31, 0],
		[72, "U1_11", 1770, 3660, "B", "DIP", "U1_11", "", "C", 70.87, 70.87, 43.31, 0],
		[73, "U1_12", 1770, 3760, "T", "DIP", "U1_12", "", "C", 70.87, 70.87, 43.31, 0],
		[74, "U1_12", 1770, 3760, "B", "DIP", "U1_12", "", "C", 70.87, 70.87, 43.31, 0],
		[75, "U1_13", 1870, 3660, "T", "DIP", "U1_13", "", "C", 70.87, 70.87, 43.31, 0],
		[76, "U1_13", 1870, 3660, "B", "DIP", "U1_13", "", "C", 70.87, 70.87, 43.31, 0],
		[77, "U1_14", 1870, 3760, "T", "DIP", "VO1", "", "C", 70.87, 70.87, 43.31, 0],
		[78, "U1_14", 1870, 3760, "B", "DIP", "VO1", "", "C", 70.87, 70.87, 43.31, 0],
		[79, "U1_15", 1970, 3660, "T", "DIP", "U1_15", "", "C", 70.87, 70.87, 43.31, 0],
		[80, "U1_15", 1970, 3660, "B", "DIP", "U1_15", "", "C", 70.87, 70.87, 43.31, 0],
		[81, "U1_16", 1970, 3760, "T", "DIP", "U1_16", "", "C", 70.87, 70.87, 43.31, 0],
		[82, "U1_16", 1970, 3760, "B", "DIP", "U1_16", "", "C", 70.87, 70.87, 43.31, 0],
		[83, "U1_17", 2070, 3660, "T", "DIP", "U1_17", "", "C", 70.87, 70.87, 43.31, 0],
		[84, "U1_17", 2070, 3660, "B", "DIP", "U1_17", "", "C", 70.87, 70.87, 43.31, 0],
		[85, "U1_18", 2070, 3760, "T", "DIP", "U1_18", "", "C", 70.87, 70.87, 43.31, 0],
		[86, "U1_18", 2070, 3760, "B", "DIP", "U1_18", "", "C", 70.87, 70.87, 43.31, 0],
		[87, "U1_19", 2170, 3660, "T", "DIP", "GND", "GND", "C", 70.87, 70.87, 43.31, 0],
		[88, "U1_19", 2170, 3660, "B", "DIP", "GND", "GND", "C", 70.87, 70.87, 43.31, 0],
		[89, "U1_20", 2170, 3760, "T", "DIP", "U1_20", "", "C", 70.87, 70.87, 43.31, 0],
		[90, "U1_20", 2170, 3760, "B", "DIP", "U1_20", "", "C", 70.87, 70.87, 43.31, 0],
		[91, "U2_1", 4405.75, 3467.6, "T", "SMD", "$1N1559", "", "R", 42.13, 23.62, 0, 0],
		[92, "U2_2", 4405.75, 3542.4, "T", "SMD", "$1N1638", "", "R", 42.13, 23.62, 0, 0],
		[93, "U2_3", 4324.25, 3505, "T", "SMD", "$1N1768", "", "R", 42.13, 23.62, 0, 0],
		[94, "U3_1", 3170, 3958.31, "T", "SMD", "$1N1134", "", "R", 43.31, 47.24, 0, 270],
		[95, "U3_2", 3170, 3821.69, "T", "SMD", "VON", "", "R", 43.31, 47.24, 0, 270],
		[96, "U4_1", 4715, 3200, "T", "SMD", "GND", "GND", "R", 47.24, 137.79, 0, 270],
		[97, "U4_2", 4715, 3100, "T", "SMD", "$1N1638", "", "R", 47.24, 137.79, 0, 270],
		[98, "U5_1", 4241.69, 3905, "T", "SMD", "$1N1134", "", "R", 43.31, 47.24, 0, 0],
		[99, "U5_2", 4378.31, 3905, "T", "SMD", "GND", "GND", "R", 43.31, 47.24, 0, 0],
		[100, "U6_1", 4196.78, 2280, "T", "SMD", "$1N3088", "", "R", 47.54, 66.97, 0, 0],
		[101, "U6_2", 4313.22, 2280, "T", "SMD", "$1N3294", "", "R", 47.54, 66.97, 0, 0],
		[102, "U7_1", 3807.4, 2525.75, "T", "SMD", "VON", "", "R", 42.13, 23.62, 0, 90],
		[103, "U7_2", 3732.6, 2525.75, "T", "SMD", "$1N3068", "", "R", 42.13, 23.62, 0, 90],
		[104, "U7_3", 3770, 2444.25, "T", "SMD", "$1N3088", "", "R", 42.13, 23.62, 0, 90],
		[105, "U8_1", 2824.08, 2622.27, "T", "SMD", "$1N2911", "", "R", 44.59, 54.21, 0, 270],
		[106, "U8_2", 2824.08, 2543.53, "T", "SMD", "$1N3167", "", "R", 44.59, 54.21, 0, 270],
		[107, "U9_1", 3332.6, 2824.25, "T", "SMD", "$1N3167", "", "R", 42.13, 23.62, 0, 270],
		[108, "U9_2", 3407.4, 2824.25, "T", "SMD", "GND", "GND", "R", 42.13, 23.62, 0, 270],
		[109, "U9_3", 3370, 2905.75, "T", "SMD", "$1N3068", "", "R", 42.13, 23.62, 0, 270],
		[110, "U10_1", 2930.85, 3525, "T", "SMD", "VO1", "", "O", 23.15, 80.51, 0, 270],
		[111, "U10_2", 2930.85, 3475, "T", "SMD", "$1N3653", "", "O", 23.15, 80.51, 0, 270],
		[112, "U10_3", 2930.85, 3425, "T", "SMD", "$1N3786", "", "O", 23.15, 80.51, 0, 270],
		[113, "U10_4", 2930.85, 3375, "T", "SMD", "GND", "GND", "O", 23.15, 80.51, 0, 270],
		[114, "U10_5", 3149.15, 3375, "T", "SMD", "VO1", "", "O", 23.15, 80.51, 0, 270],
		[115, "U10_6", 3149.15, 3425, "T", "SMD", "$1N2911", "", "O", 23.15, 80.51, 0, 270],
		[116, "U10_7", 3149.15, 3475, "T", "SMD", "$1N2911", "", "O", 23.15, 80.51, 0, 270],
		[117, "U10_8", 3149.15, 3525, "T", "SMD", "VCC5V", "", "O", 23.15, 80.51, 0, 270],
		[118, "U11_1", 1580.85, 3485, "T", "SMD", "$1N4632", "", "O", 23.15, 80.51, 0, 270],
		[119, "U11_2", 1580.85, 3435, "T", "SMD", "$1N1930", "", "O", 23.15, 80.51, 0, 270],
		[120, "U11_3", 1580.85, 3385, "T", "SMD", "VIN", "", "O", 23.15, 80.51, 0, 270],
		[121, "U11_4", 1580.85, 3335, "T", "SMD", "GND", "GND", "O", 23.15, 80.51, 0, 270],
		[122, "U11_5", 1799.15, 3335, "T", "SMD", "U11_5", "", "O", 23.15, 80.51, 0, 270],
		[123, "U11_6", 1799.15, 3385, "T", "SMD", "U11_6", "", "O", 23.15, 80.51, 0, 270],
		[124, "U11_7", 1799.15, 3435, "T", "SMD", "U11_7", "", "O", 23.15, 80.51, 0, 270],
		[125, "U11_8", 1799.15, 3485, "T", "SMD", "VCC5V", "", "O", 23.15, 80.51, 0, 270],
		[126, "USB1_1", 2611.18, 3712.15, "T", "SMD", "VCC5V", "", "R", 62.99, 15.75, 0, 90],
		[127, "USB1_2", 2585.59, 3712.15, "T", "SMD", "USB1_2", "", "R", 62.99, 15.75, 0, 90],
		[128, "USB1_3", 2560, 3712.15, "T", "SMD", "USB1_3", "", "R", 62.99, 15.75, 0, 90],
		[129, "USB1_4", 2534.41, 3712.15, "T", "SMD", "USB1_4", "", "R", 62.99, 15.75, 0, 90],
		[130, "USB1_5", 2508.82, 3712.15, "T", "SMD", "GND", "GND", "R", 62.99, 15.75, 0, 90],
		[131, "USB1_6", 2464.53, 3732.72, "T", "DIP", "USB1_6", "", "C", 51.18, 51.18, 27.56, 180],
		[132, "USB1_6", 2464.53, 3732.72, "B", "DIP", "USB1_6", "", "C", 51.18, 51.18, 27.56, 180],
		[133, "USB1_7", 2417.29, 3837.85, "T", "DIP", "USB1_7", "", "O", 51.18, 70.87, 43.31, 180],
		[134, "USB1_7", 2417.29, 3837.85, "B", "DIP", "USB1_7", "", "O", 51.18, 70.87, 43.31, 180],
		[135, "USB1_8", 2702.71, 3837.85, "T", "DIP", "USB1_8", "", "O", 51.18, 70.87, 43.31, 180],
		[136, "USB1_8", 2702.71, 3837.85, "B", "DIP", "USB1_8", "", "O", 51.18, 70.87, 43.31, 180],
		[137, "USB1_9", 2655.47, 3732.73, "T", "DIP", "USB1_9", "", "C", 51.18, 51.18, 27.56, 180],
		[138, "USB1_9", 2655.47, 3732.73, "B", "DIP", "USB1_9", "", "C", 51.18, 51.18, 27.56, 180],
		[139, "TPJLC2_TP1", 1170, 3555, "B", "TP", "VIN", "", "C", 24, 24, 0, 0],
		[140, "TPJLC2_TP2", 2040, 3575, "B", "TP", "$1N4632", "", "C", 24, 24, 0, 0],
		[141, "TPJLC2_TP3", 1875, 3195, "B", "TP", "VCC5V", "", "C", 24, 24, 0, 0],
		[142, "TPJLC2_TP4", 3240, 3715, "B", "TP", "$1N3653", "", "C", 24, 24, 0, 0],
		[143, "TPJLC2_TP5", 2425, 3495, "B", "TP", "VO1", "", "C", 24, 24, 0, 0],
		[144, "TPJLC2_TP6", 2745, 3210, "B", "TP", "$1N3653", "", "C", 24, 24, 0, 0],
		[145, "TPJLC2_TP7", 3315, 3495, "B", "TP", "VO1", "", "C", 24, 24, 0, 0],
		[146, "TPJLC2_TP8", 3740, 3125, "B", "TP", "VCC5V", "", "C", 24, 24, 0, 0],
		[147, "TPJLC2_TP1", 3600, 2955, "B", "TP", "$1N3068", "", "C", 24, 24, 0, 0],
		[148, "TPJLC2_TP10", 4315, 3186.01, "B", "TP", "$1N1768", "", "C", 24, 24, 0, 0],
		[149, "TPJLC2_TP11", 2860, 3505, "B", "TP", "VCC5V", "", "C", 24, 24, 0, 0],
		[150, "TPJLC2_TP12", 2805, 3340, "B", "TP", "$1N3786", "", "C", 24, 24, 0, 0],
		[151, "TPJLC2_TP13", 3425.25, 3805.25, "B", "TP", "GND", "GND", "C", 24, 24, 0, 0],
		[152, "TPJLC2_TP14", 2735, 2575, "B", "TP", "$1N2911", "", "C", 24, 24, 0, 0],
		[153, "TPJLC2_TP15", 1634.31, 3200, "B", "TP", "GND", "GND", "C", 24, 24, 0, 0]
	]
}
}